created_at;id_str;full_text;quote_count;reply_count;retweet_count;favorite_count;lang;user_id_str;conversation_id_str;username;tweet_url
Sun Oct 22 19:24:49 +0000 2023;1716173781369077893;"#BeautyInside #KDrama";0;0;0;0;qht;20286111;1716173781369077893;darealTinaT;https://twitter.com/darealTinaT/status/1716173781369077893
Sat Oct 14 21:05:10 +0000 2023;1713299934966095999;"#jichangwook in #lovestruckinthecity is the beauty ğŸ«° #kdrama https://t.co/REKhgpZ01Q";0;0;0;3;en;1271103147469991940;1713299934966095999;tam_anna_tweets;https://twitter.com/tam_anna_tweets/status/1713299934966095999
Sun Oct 15 00:01:49 +0000 2023;1713344390834663685;"I can't help taking a bunch of ss whenever i see their handsome face ğŸ¥¹ğŸ«° Life of a #kdrama lover ğŸ¥ºğŸ’™ In photo : #jichangwook from #lovestruckinthecity with #kimjiwon https://t.co/6haIahdLZq";0;0;0;2;en;1271103147469991940;1713344390834663685;tam_anna_tweets;https://twitter.com/tam_anna_tweets/status/1713344390834663685
Sun Oct 15 00:06:16 +0000 2023;1713345508402704699;"Loved every second of this #kdrama. Though the character of #kimjiwon pissed me of sometimes. #jichangwook slayed https://t.co/f9KDDxrjXn";0;0;0;4;en;1271103147469991940;1713345508402704699;tam_anna_tweets;https://twitter.com/tam_anna_tweets/status/1713345508402704699
Fri Oct 13 23:35:34 +0000 2023;1712975395073716564;"Can't take my eyes of him ğŸ¥¹ğŸ’™ #JiChangWook #hallyu #kdrama https://t.co/8n9MYDwaFb";0;0;0;0;en;1271103147469991940;1712975395073716564;tam_anna_tweets;https://twitter.com/tam_anna_tweets/status/1712975395073716564
Thu Oct 12 14:59:25 +0000 2023;1712483113883111623;"#LoveStruckInTheCity This entire drama is making my heart flutter ğŸ¥¹ğŸ’™ #JiChangWook #kdrama #KimJiWon https://t.co/8SK9sFtpTl";0;0;0;4;en;1271103147469991940;1712483113883111623;tam_anna_tweets;https://twitter.com/tam_anna_tweets/status/1712483113883111623
Fri Sep 29 23:25:06 +0000 2023;1707899332337254893;"#kdrama #tweets #dramakorean #fypã‚· #explorepage #dramalovers https://t.co/LuWlNi8GCt";0;0;0;0;qme;1598237089916751877;1707899332337254893;bb9029564;https://twitter.com/bb9029564/status/1707899332337254893
Wed Sep 27 05:25:34 +0000 2023;1706902883181142080;"Trending now: #LEEJUNHO 7.2 K + #KingTheLand 2.3 K + #LimYoonA + tweets of love &amp  appreciation for these two big stars of #KDrama &amp  #Kpop , their individual projects &amp  the best rom-com of 2023 ! Please keep tweeting your â¤ï¸ to them &amp  see #Its_2PM &amp  #JUNHO_THE_MOMENT2023 !! â¤ï¸ğŸ‘‘! https://t.co/C4F3FCZmpT";1;0;10;46;en;286208037;1706902883181142080;audreyandray;https://twitter.com/audreyandray/status/1706902883181142080
Wed Sep 20 15:39:53 +0000 2023;1704520763070623932;"My mutual must have been so much annoyed by my â€˜Personal Tasteâ€™ tweets ğŸ«£ but what to do ? Iâ€™m to much into them and I canâ€™t stop myself from watching and tweeting about them ğŸ«¢  #personaltaste #kdrama #leeminho #sonyejin #jeonjinho #parkgaein https://t.co/NDGgeZd7fZ";1;1;1;10;en;1692897136600563713;1704520763070623932;AvChahat_;https://twitter.com/AvChahat_/status/1704520763070623932
Wed Sep 13 20:33:20 +0000 2023;1702057900662047025;"FR  #MrQueen #kdrama https://t.co/VDciQLR3vk";0;0;0;5;und;1271103147469991940;1702057900662047025;tam_anna_tweets;https://twitter.com/tam_anna_tweets/status/1702057900662047025
Wed Sep 13 20:32:37 +0000 2023;1702057716834091272;"#MrQueen #kdrama https://t.co/SG9S7oByAE";0;0;0;5;qme;1271103147469991940;1702057716834091272;tam_anna_tweets;https://twitter.com/tam_anna_tweets/status/1702057716834091272
Wed Sep 06 19:35:55 +0000 2023;1699506735285952627;"Trending now: #LEEJUNHO 66.3 K + #à¸­à¸µà¸ˆà¸¸à¸™à¹‚à¸® 45.7 K + tweets of love &amp  appreciation for King of #Kdrama &amp  #2PM &amp  Solo #Kpop star @follow_leejunho !! His visit to Thailand #GentleMonsterTHxLEEJUNHO was a huge success! Everyone wants his ğŸ•¶ï¸! Keep tweeting your love, photos &amp  vids! ğŸ™ https://t.co/FT99i6E6Ga";0;0;0;10;en;286208037;1699506735285952627;audreyandray;https://twitter.com/audreyandray/status/1699506735285952627
Sun Aug 27 21:08:07 +0000 2023;1695906057670017361;"@roh_tweets @PakistaniPepper I can't speak about first point (2)  Squid game made K-content a global sensation &amp  it was the first #Kdrama of many in Pakistan.";0;2;0;1;en;50103566;1695885438517747862;ContentChingu;https://twitter.com/ContentChingu/status/1695906057670017361
Mon Aug 14 12:26:46 +0000 2023;1691063812915699712;"Kukira akan jadi main lead baginya ternyata  hanya jadi second lead  .  .  .  .  . #quotes #gamon #quote #quoteoftheday #quotesdaily #Tweet #Tweets #kdrama #katakatahariini #quotesaboutlife #Trending";0;0;0;1;in;1641411108761370624;1691063812915699712;halcyon_o_o_;https://twitter.com/halcyon_o_o_/status/1691063812915699712
Sun Aug 13 07:27:27 +0000 2023;1690626099225538560;"I have two tabs open for two top hit  #kdrama that iâ€™m watching. But I couldnt finish them! Coz the drama in #army &amp  solo tweets are much more fascinating,crazy,funny(sarcastically)&amp  sadğŸ˜‚ğŸ˜‚ğŸ˜‚shall i become a b***k?";0;1;0;0;en;1457811974495084546;1690626099225538560;orisit36;https://twitter.com/orisit36/status/1690626099225538560
Thu Aug 10 21:30:40 +0000 2023;1689751139833860103;"Chinese,  Korean aur Turkish dramas dekh dekh kr yai to bhool gai k apni life mai bhi drama chal raha haiğŸ« ğŸ™ƒğŸ¥² #Tweets #KDrama #Cdrama #Turkish";0;0;0;0;hi;1121007485165473793;1689751139833860103;KainaatYousaf;https://twitter.com/KainaatYousaf/status/1689751139833860103
Thu Aug 10 16:29:02 +0000 2023;1689675231366193152;"@PakistaniPepper @roh_tweets Hayeee.... Kiya baat kardi aapne. He's the first oppa in my #Kdrama list &amp  I absolutely adore him.";0;0;0;1;en;50103566;1689438657550176256;ContentChingu;https://twitter.com/ContentChingu/status/1689675231366193152
Fri Aug 04 16:49:29 +0000 2023;1687506050293932063;"ğŸ’™Please spare some time and read her tweets. She really needs help. You can ask for her ID to get sure. I put her story hereğŸ’™  #kpop #kdrama #music #song #fundraising #SUPERJUNIOR #ìŠˆí¼ì£¼ë‹ˆì–´ https://t.co/TydPqLDjk2";0;0;0;3;en;1451992788531302406;1687506050293932063;IDontFKnowNow;https://twitter.com/IDontFKnowNow/status/1687506050293932063
Fri Aug 04 15:47:46 +0000 2023;1687490520162201600;"Us ji ung-aa us ğŸ™‚  #OurBelovedSummer #kdrama https://t.co/Gc4310qcSo";0;0;0;1;in;1271103147469991940;1687490520162201600;tam_anna_tweets;https://twitter.com/tam_anna_tweets/status/1687490520162201600
Fri Aug 04 15:46:34 +0000 2023;1687490218553991168;"Places like these have the power of calming your nerve. Wanna own that house ğŸ™‚ğŸ«°  #OurBelovedSummer #kdrama https://t.co/vWeGZ60vgV";0;0;0;3;en;1271103147469991940;1687490218553991168;tam_anna_tweets;https://twitter.com/tam_anna_tweets/status/1687490218553991168
Fri Aug 04 15:44:58 +0000 2023;1687489813589766144;"Walking green flag woo sik-iiiiii ğŸ«°  #OurBelovedSummer #kdrama https://t.co/A6u82jVTKc";0;0;0;1;en;1271103147469991940;1687489813589766144;tam_anna_tweets;https://twitter.com/tam_anna_tweets/status/1687489813589766144
Mon Jul 31 23:11:32 +0000 2023;1686152646963404800;"Only #KingTheLand  viewers will understand ğŸ¤£  #kdrama https://t.co/rb6WATljEc";0;0;0;3;en;217148829;1686152646963404800;Berry_tweets;https://twitter.com/Berry_tweets/status/1686152646963404800
Mon Jul 31 00:01:40 +0000 2023;1685802873060519937;"ğŸ¥ˆ #KDrama â€” Asian content is the 2nd most watched on Netflix &amp  "itâ€™s almost entirely because of Korean content" (Moore, 2022).  â€” It's also among the most consumed non-US content in America as the US has the 2nd highest rate of tweets about K-Content among all countries https://t.co/MxgKAMr02m";1;0;0;1;en;67146757;1685802873060519937;DrJarryd;https://twitter.com/DrJarryd/status/1685802873060519937
Sun Jul 30 19:16:13 +0000 2023;1685731038499377152;"Trending now: #LEEJUNHO 50.6 K + #KingTheLandEp14 28.9 K + #LimYoonA 29.1 K + tweets of love &amp  appreciation for beautiful Korean dramatic writing &amp  superb acting by our lively couple GuWon &amp  Sarang! Thank you for your #kdrama for the ages! â¤ï¸ğŸ‘‘â™¾ï¸! https://t.co/NRUm8BkVxk";1;0;8;20;en;286208037;1685731038499377152;audreyandray;https://twitter.com/audreyandray/status/1685731038499377152
Thu Jul 27 21:21:27 +0000 2023;1684675388524367872;"Any time I finish a good novel or a k/cdrama, I always feel a sense of loss. I miss the characters, too. To help deal with my feelings of loss, I look for edits, tweets, and reviews. #kdrama #novels #cdrama";0;0;0;1;en;1291732078619394048;1684675388524367872;applesophe;https://twitter.com/applesophe/status/1684675388524367872
Wed Jul 26 19:36:53 +0000 2023;1684286686421987328;"So me! #OurBelovedSummer #ChoiWooSik #kdrama https://t.co/IszqAPIUk0";0;0;0;2;en;1271103147469991940;1684286686421987328;tam_anna_tweets;https://twitter.com/tam_anna_tweets/status/1684286686421987328
Wed Jul 26 07:16:34 +0000 2023;1684100380492169217;"Rapper Lattoâ€™s Racist Tweets Are Quickly Going Viral In Korea   The rapper has yet to apologize. #kpoptwt #kdrama #SouthKorea #music #latto #JungkookNo1Hot100 #jungkooknsfw  #BTS #SONGS #love #trending https://t.co/kO8fjHi4Vw";0;1;0;1;en;1096777133198794754;1684100380492169217;dramalandtv16;https://twitter.com/dramalandtv16/status/1684100380492169217
Tue Jul 25 18:13:37 +0000 2023;1683903346653155329;"#ourbelovedsummer #choiwooskik #kdrama https://t.co/Dehd1wuYiH";0;0;1;2;qme;1271103147469991940;1683903346653155329;tam_anna_tweets;https://twitter.com/tam_anna_tweets/status/1683903346653155329
Tue Jul 25 06:23:46 +0000 2023;1683724703939313665;"Trending now: #LEEJUNHO 45.4 K + tweets of love &amp  attention to very busy Actor Idol @follow_leejunho of top #kpop group @follow_2PM @follow_2PMJP !! 15th Anniversary concerts in Seoul &amp  Tokyo just announced &amp  #KingTheLand #kdrama &amp  Solo Arena Tour currently in progress! Busy Man! https://t.co/7355tkLv20";1;0;6;18;en;286208037;1683724703939313665;audreyandray;https://twitter.com/audreyandray/status/1683724703939313665
Sat Jul 22 13:44:27 +0000 2023;1682748445168398336;"@007_saniyahh ğŸ¤£ğŸ¤£ğŸ¤£ kal hi meri mom me mere tweets deke..bol rahi thi pagal logon ko tv and roadside dekha..pata nahi chala ghar mein bhi ek hai.. ğŸ¤£ğŸ¤£ğŸ¤£.. She knew my craziness for #kpop and #kdrama   8 YEARS OF WAHAJ ALI";0;1;3;0;tl;65860201;1682745414855053313;shravs16;https://twitter.com/shravs16/status/1682748445168398336
Sat Jul 15 19:56:45 +0000 2023;1680305422639730688;"Trending now: #LEEJUNHO 37K + #KingTheLandEp9 29.8 K + #í‚¹ë”ëœë“œ 40.7 K + #LimYoonA 16.7 K + Sarang 15.5 K + tweets of love &amp  appreciation for the best romance #kdrama on tv! Capturing hearts across the globe on â¦@netflixâ© ! Thank you for the love! Keep tweeting your â¤ï¸s! https://t.co/PAPEXIR2GW";0;0;0;3;en;286208037;1680305422639730688;audreyandray;https://twitter.com/audreyandray/status/1680305422639730688
Wed Jul 12 12:17:48 +0000 2023;1679102756576186374;"CURRENT MOOD:ğŸ“· Just gonna leave it here!  #Motivation #moodtweets #hellotweet @_Hello_Tweet #socialmedia #typicalmalaysian #typicalasian #kkcity #feelings #life #tweetme #kdrama #youth #LifeLessons #stranger #Tweets https://t.co/VKf1Pu8R3L";0;0;0;0;en;56929484;1679102756576186374;mininorachan;https://twitter.com/mininorachan/status/1679102756576186374
Sat Jul 08 15:36:01 +0000 2023;1677703090877898753;"Drama - #æµ·æ£ ç¬‘æ˜¥é£ (seaweed) Genre - Historical romance Rumored cast - #ZhangWanyi, #WangChuran  Produced by Tencent Video &amp  Jaywalk Based on the novel å¨‡è— Filming slated to begin early in #August #Tweets #kdrama #KPOP #dramassuggestion #Google #YouTube #Upcoming https://t.co/IhAYIMs86I";0;0;0;2;en;1677637606161645568;1677703090877898753;D_Suggestions;https://twitter.com/D_Suggestions/status/1677703090877898753
Sat Jul 08 12:30:00 +0000 2023;1677656275855998976;"Get ready for the #DP2  DP season 2 on July 28 on #Netflix  #mydramalist #kdrama #DP2on28 #Tweets https://t.co/hwxWWGMuKU";0;0;0;0;en;1677637606161645568;1677656275855998976;D_Suggestions;https://twitter.com/D_Suggestions/status/1677656275855998976
Mon Jul 03 19:46:24 +0000 2023;1675954162180423680;"#businessproposal #kdrama #koreandrama https://t.co/vPcdVeGs8U";0;0;0;1;qme;1271103147469991940;1675954162180423680;tam_anna_tweets;https://twitter.com/tam_anna_tweets/status/1675954162180423680
Sun Jul 02 11:44:59 +0000 2023;1675470620635832322;"#myname #kdrama #HANSOHEE #koreandrama https://t.co/J0nGCTeDgj";0;0;0;1;qme;1271103147469991940;1675470620635832322;tam_anna_tweets;https://twitter.com/tam_anna_tweets/status/1675470620635832322
Sat Jul 01 06:26:05 +0000 2023;1675027977808257025;"Trending now: Lee Junho 1.5 K + tweets of love &amp  appreciation for his Hot Hot photoshoot for #DiorBeauty #Sauvage cologne &amp  elegant styling for Summer evenings! #KingTheLand Episode 5 will be shown tonight &amp  Episode 6 tomorrow, don't miss the romance #kdrama of the year! #Netflix https://t.co/R8w7q79HQp";0;0;0;2;en;286208037;1675027977808257025;audreyandray;https://twitter.com/audreyandray/status/1675027977808257025
Wed Jun 21 13:37:47 +0000 2023;1671512742035968004;"Thank you to my 200 plus followers. I appreciate every single one of you. Thanks for taking the time to like and retweet my tweets. Thanks for not judging me for my #kdrama #cdrama #jdrama addiction and for playing #hashtag games. I wish love, health and happiness to you all. https://t.co/5eUujK3vsD";0;0;0;5;en;1453437485825015815;1671512742035968004;pandaeloves;https://twitter.com/pandaeloves/status/1671512742035968004
Sat Jun 17 18:15:52 +0000 2023;1670133170338144256;"Let your father know.   #kdrama #myliberationnote #KoreanDrama https://t.co/iZrpYNTzPg";0;0;0;1;en;1271103147469991940;1670133170338144256;tam_anna_tweets;https://twitter.com/tam_anna_tweets/status/1670133170338144256
Sat Jun 17 18:15:11 +0000 2023;1670132999189585920;": Let's meet. : i can't.  : wae? : I've gained weight. I need to loose some. : loose them in one hour and then meet me.  #kdrama #myliberationnote #KoreanDrama https://t.co/8rOyD2zWI0";0;1;0;1;en;1271103147469991940;1670132999189585920;tam_anna_tweets;https://twitter.com/tam_anna_tweets/status/1670132999189585920
Thu Jun 15 18:55:49 +0000 2023;1669418448584318977;"Trending now: #WelcomeKingTheLand 13.9 K + tweets of love for #Netflix new hot sweet romantic comedy #kdrama #KingTheLand starring â¦@follow_leejunhoâ© &amp  â¦@GirlsGenerationâ© #Yoona !! Let's have a worldwide party &amp  watch Episode 1 Saturday June 17th! Everyone's invited! https://t.co/KXs986xOVX";0;0;0;2;en;286208037;1669418448584318977;audreyandray;https://twitter.com/audreyandray/status/1669418448584318977
Thu Jun 15 10:31:47 +0000 2023;1669291605269020675;"ğŸ‘€ğŸ¤£  #kdrama #myliberationnote #KoreanDrama https://t.co/UKfLsugwKO";0;0;0;1;qme;1271103147469991940;1669291605269020675;tam_anna_tweets;https://twitter.com/tam_anna_tweets/status/1669291605269020675
Wed Jun 14 18:56:31 +0000 2023;1669056237949046784;"Trending now: #LEEJUNHO 20 K + #KingTheLand 10.9K + tweets of appreciation for the #Baeksang Best Actor winner's hard work on his new rom-com #kdrama &amp  good luck at the press conference today! Also congratulations #SongJoongKi &amp  Katy &amp  your beautiful, healthy baby! ğŸ‰ Tweet! https://t.co/FGNGL1qIWm";0;0;3;15;en;286208037;1669056237949046784;audreyandray;https://twitter.com/audreyandray/status/1669056237949046784
Tue Jun 13 17:45:12 +0000 2023;1668675904908967937;"#kdrama #myliberationnote #KoreanDrama https://t.co/NuCSUNHlTo";0;0;0;1;qme;1271103147469991940;1668675904908967937;tam_anna_tweets;https://twitter.com/tam_anna_tweets/status/1668675904908967937
Mon Jun 12 04:52:42 +0000 2023;1668119110574825473;"wae?  #kdrama #myliberationnote #kimjiwon https://t.co/Z40VUYgK9w";0;0;0;7;und;1271103147469991940;1668119110574825473;tam_anna_tweets;https://twitter.com/tam_anna_tweets/status/1668119110574825473
Thu Jun 08 08:12:37 +0000 2023;1666719868283138050;"Trending now: #LEEJUNHO 13.6 + YoonA 15.4 K + tweets of love &amp  respect for these two fine Actor Idols &amp  stars of upcoming #Netflix hit romcom #KingTheLand !! Worldwide fans are impressed with the previews &amp  online fan meeting, keep spreading the word about the best #kdrama â¤ï¸â¤ï¸!! https://t.co/x2r5vY5neE";0;0;1;12;en;286208037;1666719868283138050;audreyandray;https://twitter.com/audreyandray/status/1666719868283138050
Wed Jun 07 22:15:08 +0000 2023;1666569505886318592;"Trending now: #LEEJUNHO 15 K + #KingTheLand 14.9 K + #YOONA 15.9 K + tweets of love &amp  appreciation for the most anticipated #kdrama romantic comedy on tv ! #JTBC &amp  #NETFLIX chose our Winning Couple ğŸ‘‘ğŸ‘‘!! Best Couple Award goes to #JUNHO &amp  #YOONA #2PM #SNSD ğŸ«¶ We love you ğŸ«¶â¤ï¸â¤ï¸! https://t.co/DPSJcOCLux";0;0;3;13;en;286208037;1666569505886318592;audreyandray;https://twitter.com/audreyandray/status/1666569505886318592
Mon Jun 05 11:26:14 +0000 2023;1665681429227880448;"This cdrama ğŸ’—ğŸ¦‹ğŸ¦‹ #chinesedrama #cdrama  #kdrama #chinese #love #koreandrama #chinesedramas #dramachina #cdramas #Tweets https://t.co/yUxb97TEvw";0;0;0;0;en;1598237089916751877;1665681429227880448;bb9029564;https://twitter.com/bb9029564/status/1665681429227880448
Sun May 28 03:13:37 +0000 2023;1662658356614696961;"Not sure whatâ€™s going on, but @twitterâ€™s been throttling my tweets.  I wouldnâ€™t be surprised if this one doesnâ€™t send until days later.  My #kdrama continues https://t.co/gdClLWRhjL";0;2;0;9;en;15016178;1662658356614696961;tweetbrandon;https://twitter.com/tweetbrandon/status/1662658356614696961
Wed May 24 00:33:53 +0000 2023;1661168608448335872;"Still looking for #zb1 #ciipher #kdrama mootsâ€¦ I just want to see more tweets about them on my tl â˜¹ï¸";0;0;0;0;en;1643669261032857600;1661168608448335872;sieunsol;https://twitter.com/sieunsol/status/1661168608448335872
Mon May 22 06:20:12 +0000 2023;1660530985161617408;"I think I recognize this house. ğŸ¤”ğŸ§ğŸ¤”ğŸ§ğŸ¤”ğŸ§ğŸ¤”ğŸ§ğŸ¤”ğŸ§ Is that the same house from #12yearspromise #wildchivesandsoybeansoup #kdrama #XOKitty https://t.co/N8XAVZLzG0";0;0;0;0;en;553154845;1660530985161617408;ameera_tweets;https://twitter.com/ameera_tweets/status/1660530985161617408
Wed May 17 15:37:45 +0000 2023;1658859357524873216;"Trending now: #LEEJUNHO 9.1 K + #KingTheLand 5.8 K + tweets of appreciation for our Jeonha ğŸ‘‘ â¦@follow_leejunhoâ© who is King of #kdrama &amp  completing filming for #KingTheLand ! We celebrate your work &amp  watch together starting June 17th! God bless your gifts &amp  talents ğŸ™! https://t.co/zBtYQTOJtp";0;0;2;9;en;286208037;1658859357524873216;audreyandray;https://twitter.com/audreyandray/status/1658859357524873216
Thu May 11 11:42:01 +0000 2023;1656625704946003968;"6. ThreadğŸ§µon must watch #KSeries &amp  #KDrama.ğŸ‡°ğŸ‡·  Conditions: 1. Iâ€™ve finished watching. 2. I gave it 12 â­ï¸ (personal opinion).  The tweet â¬‡ï¸ brings you to the thread. The tweets are numbered. If the thread seems to stop please click on comments to continue.";0;1;0;0;en;1521776336901185536;1656625689112506368;DbyD_NL;https://twitter.com/DbyD_NL/status/1656625704946003968
Thu May 04 20:10:20 +0000 2023;1654216910869766147;"I so missed Chansung's hilarious facial expressionsâ£ï¸ğŸ˜†ğŸ’œ  His acting truly gives so much zest to the whole proceedings... those ğŸ‘€ğŸ’¥ğŸ”¥  Trending #BoraDeborah 1,475 Tweets  #HwangChansung #kdrama #YooInNa #2PM https://t.co/nWeqsPlB28";1;1;6;33;en;1369630388;1654216910869766147;InventiveBear;https://twitter.com/InventiveBear/status/1654216910869766147
Thu May 04 01:53:29 +0000 2023;1653940882348048384;"Trending now: #LEEJUNHO 13 K + #KingTheLand 9.6 K + #í‚¹ë”ëœë“œ 7.6K + tweets &amp  counting for â¦@follow_leejunhoâ© &amp  â¦@GirlsGenerationâ© #Yoona worldwide cheering ğŸ‰ğŸ‰ The King &amp  Queen of #kdrama are in the house with the first teaser #JTBC ğŸ™! June 17th come quickly!! â¤ï¸â¤ï¸ https://t.co/7aZEfYNLGa";0;0;0;2;en;286208037;1653940882348048384;audreyandray;https://twitter.com/audreyandray/status/1653940882348048384
Wed May 03 11:57:33 +0000 2023;1653730511075020800;"Trending now: #ì¤€í˜¸ë²„ë¸” 1.1 K + tweets &amp  #LEEJUNHO 4.8 K + tweets of love &amp  appreciation for breathtaking handsome IG &amp  Bubble photos of our King of #kdrama #KingTheLand star â¦@follow_leejunhoâ© at Popup store for #MissDior !! My heart is so happy let's go shopping ğŸ›ï¸ğŸ¦‹â¤ï¸ğŸ‘‘! https://t.co/iEyV3885I0";0;0;2;9;en;286208037;1653730511075020800;audreyandray;https://twitter.com/audreyandray/status/1653730511075020800
Tue May 02 23:24:27 +0000 2023;1653540989384925184;"Dating 101: As from my previous tweets, a relationship needs space for growth, personal development, intimacy, responsibilities, talks, understandings, arguments. Itâ€™s a long journey together. Start with the end in mind. #kdrama #CHAEUNWOO @ActorLeeMinHo #SongHyeKyoâ¤ï¸ Noona";0;0;0;1;en;425217891;1653540989384925184;worldsavehuman;https://twitter.com/worldsavehuman/status/1653540989384925184
Tue May 02 05:00:13 +0000 2023;1653263100307714049;"Trending now: #ì¤€í˜¸ë²„ë¸” 1.0 + tweets of love &amp  appreciation from fans of Actor/ Idol #LEEJUNHO who loyally subscribe to his JYP Bubble &amp  follow his career! Our King of #kdrama is filming #KingTheLand for #JTBC &amp  #Netflix &amp  is a must-see in June! Sign up! Mark your calendars! ğŸ™ https://t.co/l29GvlOrB5";0;0;2;12;en;286208037;1653263100307714049;audreyandray;https://twitter.com/audreyandray/status/1653263100307714049
Mon May 01 03:44:50 +0000 2023;1652881738492948481;"Can you please help her if possible for you? She's my online friend and she's been going through this for monthsğŸ™ğŸ»ğŸ™ğŸ»She put a link for donation or lending if someone wants to help. If not possible, atleast help her tweets reach out more people. #kpop #kdrama #SUPERJUNIOR  #Dimash";0;0;0;0;en;1451992788531302406;1652881738492948481;IDontFKnowNow;https://twitter.com/IDontFKnowNow/status/1652881738492948481
Wed Apr 26 05:59:33 +0000 2023;1651103704362422272;"Damm sometimes these K Damas be rising my standards.   #kdrama #kdramas #Netflix #be #realistic #lol #tweets";0;0;0;0;en;2946759353;1651103704362422272;jazz3er_;https://twitter.com/jazz3er_/status/1651103704362422272
Tue Apr 25 01:15:58 +0000 2023;1650669949084663809;"Di season ini yang ada loveline si #LeeRang ğŸ¥°â¤ï¸  #êµ¬ë¯¸í˜¸ë1938 #TaleoftheNineTailed1938 #LeeDongWook #kimsoyeon #ryookyungsoo #TaleoftheNineTailed #joboah #kdrama #drakor https://t.co/k9Rt0BWBIV";0;0;0;2;in;1352523299683753984;1650669949084663809;Annyeong_tweets;https://twitter.com/Annyeong_tweets/status/1650669949084663809
Wed Apr 12 05:43:20 +0000 2023;1646026192980520961;"Fated to love you #fatedtoloveyou #kdrama #Tweets https://t.co/021JiQcue0";0;0;0;3;en;1348188467864489984;1646026192980520961;KimoCami;https://twitter.com/KimoCami/status/1646026192980520961
Wed Apr 12 05:38:50 +0000 2023;1646025058920325120;"My roomate is a Gumiho #myroomateisagumiho #kdrama #tweets https://t.co/CcvwhRHSWJ";0;0;0;1;en;1348188467864489984;1646025058920325120;KimoCami;https://twitter.com/KimoCami/status/1646025058920325120
Wed Apr 12 05:38:07 +0000 2023;1646024878397505536;"My roomate is a Gumiho #myroomateisagumiho #kdrama #Tweets https://t.co/tjJNGrveqv";0;0;0;2;en;1348188467864489984;1646024878397505536;KimoCami;https://twitter.com/KimoCami/status/1646024878397505536
Thu Apr 06 16:49:35 +0000 2023;1644019533202464782;"Hit the Spot korean drama #hitthespot #KDRAMA #tweets https://t.co/1Hn3vsgqwl";0;0;0;4;en;1348188467864489984;1644019533202464782;KimoCami;https://twitter.com/KimoCami/status/1644019533202464782
Wed Apr 05 03:39:06 +0000 2023;1643458213495422977;"TaleOfTheNineTailed2- GumiHobbit-LeeDongWook #LeeDongWook #taleoftheninetailed1938  #KoreanDrama #kdrama #Tweets https://t.co/yyqX2bh8ir";0;0;0;2;en;1348188467864489984;1643458213495422977;KimoCami;https://twitter.com/KimoCami/status/1643458213495422977
Wed Apr 05 03:32:57 +0000 2023;1643456665155452930;"LeeDongWook a new movie ğŸ¥°ğŸ¥°â¤ï¸â¤ï¸ #LeeDongWook #koreanactor #kdrama #Tweets https://t.co/CSbWaT4k52";1;0;0;3;en;1348188467864489984;1643456665155452930;KimoCami;https://twitter.com/KimoCami/status/1643456665155452930
Thu Mar 30 02:30:31 +0000 2023;1641266624270331906;"I feel like there isnâ€™t a #kdrama currently that everyone is watching and talking about currently - am I wrong? Am I not seeing tweets or just missing something?";3;20;1;38;en;907996283784368128;1641266624270331906;NoSleep4Dramas;https://twitter.com/NoSleep4Dramas/status/1641266624270331906
Wed Mar 29 07:24:17 +0000 2023;1640978165655896066;"yâ€™all remember my #kdrama era? ğŸ¤­ğŸŒš well itâ€™s #kingdom era and the tweets are about to rain heavy ğŸ˜®â€ğŸ’¨ so feel free to mute me ğŸ™ƒ";1;1;1;2;en;735056178326147072;1640978165655896066;ngaimasesay;https://twitter.com/ngaimasesay/status/1640978165655896066
Fri Mar 24 14:14:58 +0000 2023;1639269580852920322;"My trending picture ğŸ’™ double checked, 98% tweets #yangyangæ¨æ´‹ #æ¨æ´‹ #à¸«à¸¢à¸²à¸‡à¸«à¸¢à¸²à¸‡ #YANGYANG #Yangyangæ¨æ´‹ #æ¨æ´‹ #YANGYANGæ‰¬æ‰¬ #yangyangbvlpourhomme #shanghai #China #Asia #chinadrama #cdrama #Korean #koreadrama #Kdrama #love02 #kingavatar https://t.co/RX3gJkrHku";0;2;1;9;en;1558452697191354376;1639269580852920322;teamwangfcl;https://twitter.com/teamwangfcl/status/1639269580852920322
Thu Mar 23 17:51:08 +0000 2023;1638961590488690698;"LeeJoonGi he practices daily, he is a good gymnast and athlete, he works hard at the gymğŸ¥°â¤ï¸ğŸ¥°â¤ï¸ #LeeJoongi #koreanactor #kdrama #tweets https://t.co/Zkjccxh9Xh";0;0;1;6;en;1348188467864489984;1638961590488690698;KimoCami;https://twitter.com/KimoCami/status/1638961590488690698
Thu Mar 23 07:06:53 +0000 2023;1638799460464488450;"Funny scene from korean drama Suspicious PartnerğŸ˜‰ğŸ¤­ğŸ˜„JiChangWook #jichangwook #suspiciouspartner #kdrama #koreanactor #tweets https://t.co/rM5dXulndH";0;0;0;2;en;1348188467864489984;1638799460464488450;KimoCami;https://twitter.com/KimoCami/status/1638799460464488450
Fri Mar 17 20:59:28 +0000 2023;1636834659769122816;"MY HUSBAND YALLğŸ™ŒğŸ½ #RevengeOfOthers #kdrama #soloman #kdramas #Tweets https://t.co/vgFIthDSpH";0;1;7;31;en;1616159411034013719;1636834659769122816;LIZZard_41;https://twitter.com/LIZZard_41/status/1636834659769122816
Thu Mar 16 02:38:46 +0000 2023;1636195272391905285;"One of my favorite series AlchemyOf Souls season2 Song:ScarLeaveBeautifulTrace-Music:CarTheGarden-KoreanDrama(serie1-2) #AlchemyOfSouls2 #kdrama #scarleavebeautifultrace #tweets https://t.co/OeTE2tp1FT";0;0;0;1;en;1348188467864489984;1636195272391905285;KimoCami;https://twitter.com/KimoCami/status/1636195272391905285
Wed Mar 15 09:45:15 +0000 2023;1635940213661769729;"Unlocked-Kdrama #Unlocked #kdrama #fanmovie #Tweets https://t.co/yWA9KeRzws";0;0;1;3;en;1348188467864489984;1635940213661769729;KimoCami;https://twitter.com/KimoCami/status/1635940213661769729
Tue Mar 14 11:08:34 +0000 2023;1635598793251909632;"Irresistible Lee Junho - he served three photos and caused mayhemğŸ’«ğŸŒŸğŸ”¥ Love you so much @follow_leejunho  Happy rest of the filming, darling boy ğŸ’“ğŸ’›ğŸ’• Trending tweets now at nearly 9.000 already ğŸ¥°  #LEEJUNHO #ìŠëª¨ë‹ #ì´ì¤€í˜¸  #ã‚¸ãƒ¥ãƒ  #KingtheLand #Kdrama #Netflix #JTBC https://t.co/uEKggRiP7e";0;0;2;17;en;1369630388;1635598793251909632;InventiveBear;https://twitter.com/InventiveBear/status/1635598793251909632
Tue Mar 14 10:14:38 +0000 2023;1635585219830104065;"Trending now: #LEEJUNHO 8.6 K + tweets and #KingTheLand 4.9 K+ tweets of respect for love &amp  hard work â¦@follow_leejunhoâ© put into his #kdrama work to transform from YiSan to GuWon ! Our Jeonha is the Best Actor Idol ğŸ‘‘ğŸ¥ğŸ­ğŸï¸ğŸ’ƒğŸ»ğŸ•ºğŸ»ğŸâ¤ï¸! #TheActorIsPresent #KoreanActors200 https://t.co/aaMxLEOJ9g";0;0;1;5;en;286208037;1635585219830104065;audreyandray;https://twitter.com/audreyandray/status/1635585219830104065
Sat Mar 11 11:34:45 +0000 2023;1634518216490852355;"TheHeavenlyIdol #theheavenlyidol #kdrama #tweets https://t.co/mSwUqLfAYx";0;0;0;0;tl;1348188467864489984;1634518216490852355;KimoCami;https://twitter.com/KimoCami/status/1634518216490852355
Fri Mar 10 01:17:17 +0000 2023;1634000436721065986;"StrongWomanDoBongSoon #strongwomanofbongsoon #kdrama #Tweets https://t.co/sH0cjXAP7H";0;0;0;1;tl;1348188467864489984;1634000436721065986;KimoCami;https://twitter.com/KimoCami/status/1634000436721065986
Tue Feb 21 20:43:08 +0000 2023;1628133242653282304;"Hola! Ustedes han visto este kdrama ? Que les pareciÃ³? Me interesa su opiniÃ³n. Lo Recomiendan?  Gracias por sus tweets. ğŸ¤—  #SkyCastle #Korea  #Kdrama https://t.co/NQ1XRvA2aR";0;7;0;6;es;148866953;1628133242653282304;hausofshery;https://twitter.com/hausofshery/status/1628133242653282304
Mon Feb 20 16:53:04 +0000 2023;1627712956522979333;"SBS upcoming drama starring Shin Ye Eun, Ryeo Woon, and more has shared a look at the dramaâ€™s script reading! For The Secret Romantic Guesthouseâ€  Already we see they in chemistry!! â¤ Check other tweets.  #TheSecretRomanticGuesthouse #shinyeeun #RyeoWoon #Kdrama #koreanupdates https://t.co/GpQPLtgoKp";0;2;0;2;en;1647177727;1627712956522979333;BrownKOppa;https://twitter.com/BrownKOppa/status/1627712956522979333
Sun Feb 19 10:52:21 +0000 2023;1627259790127923200;"There are 2 #Kdrama that I didn't watch and only followed them on Twitter extensively #InterestofLove and #redballon and both these dramas scarred me just by following the tweets. Might catch up with Red Ballon if the ending makes sense.";0;1;0;1;en;1110945768075083777;1627259790127923200;Spri_16;https://twitter.com/Spri_16/status/1627259790127923200
Fri Feb 17 13:57:27 +0000 2023;1626581594374021120;"Argument Scene Part 3. This is the last one, i swear ğŸ˜„âœŒï¸ #parkeunbin #yeonwoojin #nothingtolose #kdrama #crush #moviescene #argument #fight #cutie #funny #fyp #fypã‚· #tiktok #facebookreels #reelsfb #fbreels #instagramreels #reelsinstagram #igreels #reels #twitter #Tweets https://t.co/CBCRBVmSXj";0;1;1;12;en;869116647197376512;1626581594374021120;patrickstar1347;https://twitter.com/patrickstar1347/status/1626581594374021120
Fri Feb 17 02:11:40 +0000 2023;1626403980896260099;"Trending now: #LEEJUNHO 19.8 K + #KingTheLand 8.5+ #YOONA 31.4 k+ tweets of love &amp  happiness that our #kdrama sweethearts have returned safe &amp  sound from their location filming trip to beautiful Thailand! ğŸ™ https://t.co/y79F3ZlgEQ";0;0;0;5;en;286208037;1626403980896260099;audreyandray;https://twitter.com/audreyandray/status/1626403980896260099
Mon Feb 13 14:21:58 +0000 2023;1625138213374545920;"Argument Scene From Judge vs. Judge KDrama - Part One. So Cute! ğŸ˜„ Enjoy, guys! Gonna post the other clips tomorrow ğŸ˜‰ #judgevsjudge #nothingtolose #kdrama #parkeunbin #yeonwoojinoppa #moviescene #cute #funny #banter #argument #fyp #fypã‚· #tiktok #Reels #Twitter #Tweets https://t.co/zQ6paNgxui";1;0;0;3;en;869116647197376512;1625138213374545920;patrickstar1347;https://twitter.com/patrickstar1347/status/1625138213374545920
Tue Feb 07 08:33:32 +0000 2023;1622876202007465984;"#ExtrordinaryAttorneywoo kinda #interesting and #funny #kdrama  This is my #Favorite part lol!  #joke #dadjokes #cdrama #DramaAlert #lol #Dolphins #BTS #KPOP #BTSArmy #lawtwitter #Tweets #tweetfleet #Twittercircle #Enkaz #SRK #loveisland https://t.co/bhqkyF2nm0";0;0;0;2;en;1618502908164853761;1622876202007465984;Wigglywispy14;https://twitter.com/Wigglywispy14/status/1622876202007465984
Sat Feb 04 01:30:50 +0000 2023;1621682662984355842;"@GalenMetzger1 My followers are a mix of ET, #kdrama and #dorama fans, and #Orioles fans and data nerds. I tweet in all three areas so people who follow me for election comments probably are annoyed with all the Orioles and #kdrama tweets.";0;0;0;0;en;94360596;1621591572633776128;CEP_Observer;https://twitter.com/CEP_Observer/status/1621682662984355842
Tue Jan 31 05:27:27 +0000 2023;1620292657477210114;"He llegado al punto dÃ³nde contesto tweets de personas que ni somos mutuals, pero que el amor por los dramas nos unen y es tan bonito ğŸ’— #Kdrama #Cdrama #Jdrama #Love https://t.co/LkKQoqSxXt";0;2;2;39;es;1421946086479081473;1620292657477210114;anfer330;https://twitter.com/anfer330/status/1620292657477210114
Mon Jan 30 07:21:26 +0000 2023;1619958952384679937;"#ToTheStars #kdramatwt #kdrama #movie #TWT #Tweets https://t.co/Imdu8aQeZ6";0;0;0;0;qme;1348188467864489984;1619958952384679937;KimoCami;https://twitter.com/KimoCami/status/1619958952384679937
Mon Jan 30 06:42:20 +0000 2023;1619949112417452032;"#ToTheStars #kdramatwt #kdrama #movie #Tweets https://t.co/ggJ9WqHA07";0;0;0;0;qme;1348188467864489984;1619949112417452032;KimoCami;https://twitter.com/KimoCami/status/1619949112417452032
Mon Jan 30 06:40:34 +0000 2023;1619948667347296256;"#ToMyStar2 #kdramatwt #kdrama #movie #Tweets https://t.co/JRACrZjDGx";0;0;0;0;qme;1348188467864489984;1619948667347296256;KimoCami;https://twitter.com/KimoCami/status/1619948667347296256
Sun Jan 29 16:32:16 +0000 2023;1619735185788145665;"#tomystar2 #Kdrama #kdramas #movie #Tweets https://t.co/yDXWZMYu0n";0;0;0;1;qme;1348188467864489984;1619735185788145665;KimoCami;https://twitter.com/KimoCami/status/1619735185788145665
Sun Jan 29 15:49:42 +0000 2023;1619724472852037632;"#ToMyStars #tomystars #Kdrama #kdramas #movie #Tweets https://t.co/nfrtPgaozn";0;0;0;1;qme;1348188467864489984;1619724472852037632;KimoCami;https://twitter.com/KimoCami/status/1619724472852037632
Sun Jan 29 15:44:18 +0000 2023;1619723114627358720;"#thedirectorwhobuysmedinnere #Kdrama #kdramas #movie #Tweets https://t.co/AL1hvrmS9g";0;0;0;0;qme;1348188467864489984;1619723114627358720;KimoCami;https://twitter.com/KimoCami/status/1619723114627358720
Sun Jan 29 15:39:28 +0000 2023;1619721900447645699;"#thedirectorwhobuysmedinner #kdramas #Kdrama #movie #Blseries #Tweets https://t.co/T0AKaY5bxt";0;0;0;1;qme;1348188467864489984;1619721900447645699;KimoCami;https://twitter.com/KimoCami/status/1619721900447645699
Sun Jan 29 12:51:04 +0000 2023;1619679520952569863;"#thedirectorwhobuysmedinner #Kdrama #kdramas #movie #Tweets https://t.co/0Gm7vYoc4y";0;0;0;1;qme;1348188467864489984;1619679520952569863;KimoCami;https://twitter.com/KimoCami/status/1619679520952569863
Sun Jan 29 12:49:13 +0000 2023;1619679055447728131;"#thedirectorwhobuysmedinner #Kdrama #kdramas #movie #Tweets https://t.co/OYEzxPmmVl";0;0;0;0;qme;1348188467864489984;1619679055447728131;KimoCami;https://twitter.com/KimoCami/status/1619679055447728131
Tue Jan 24 19:19:55 +0000 2023;1617965440046862338;"Trending now: Lee Junho 7.0 K + tweets &amp  #ì´ì¤€í˜¸ìƒì¼ì¶•í•˜í•´ 71.3 K + tweets of gratitude &amp  appreciation for #LEEJUNHO ğŸ‰ #HAPPYJUNHODAY to â¦@follow_leejunhoâ© of â¦@follow_2PMâ© and star of new #Netflix #kdrama #KingTheLand with #YOONA ! https://t.co/9kAloBX7Rh";0;0;3;17;en;286208037;1617965440046862338;audreyandray;https://twitter.com/audreyandray/status/1617965440046862338
Tue Jan 24 16:03:34 +0000 2023;1617916025957404674;"Trending now: #ì´ì¤€í˜¸ìƒì¼ì¶•í•˜í•´ 65 K + Lee Junho 5.5 K + tweets of happiness &amp  joy for #HAPPYJUNHODAY Happy Birthday to our rising star â¦@follow_leejunhoâ© â¦@dlwnsghekâ© you rock!! Let's celebrate our #kpop #kdrama CF King ! Jeonha is the best ğŸ™ star! Eat well ğŸ‚! https://t.co/EdTHISZE84";0;0;0;12;en;286208037;1617916025957404674;audreyandray;https://twitter.com/audreyandray/status/1617916025957404674
Mon Jan 23 16:24:35 +0000 2023;1617558928451145728;"Letâ€™s countingâ¤ï¸â¤ï¸ğŸ¤#kdrama #koreanactor #TweetOfTheDay #byunghunlee #tweets #fanatic https://t.co/LVkt1PL8P6";0;0;0;1;en;1605580240016871425;1617558928451145728;ngaycam2;https://twitter.com/ngaycam2/status/1617558928451145728
Thu Jan 19 18:33:44 +0000 2023;1616141878239596544;"Trending now: #King TheLand 2.2 K #LEEJUNHO 8.9 K #DiorBeauty 3.3 K #DiorxJunho 1.0 K + tweets of love and appreciation for the love fans are showing for Actor Idol â¦@follow_leejunhoâ© â¦@follow_2PMâ© #Kpop #Kdrama King ğŸ‘‘! #TheActorIsPresent #KoreanActors200 https://t.co/ipvvlV9QrC";0;1;7;31;en;286208037;1616141878239596544;audreyandray;https://twitter.com/audreyandray/status/1616141878239596544
Thu Jan 19 04:51:36 +0000 2023;1615934978742947841;"Trending now: #LEEJUNHO 8.6 K + #DiorBeauty 4.4 K + #DiorxJunho 1.1 K + tweets of love for #KingTheLand #kdrama #Netflix star &amp  his worldwide fans singing his praises! #KingTheLand will be shown target June 2023! We are so elated ğŸ¥³ğŸ‰ğŸ›ï¸! Stay healthy everyone in production! ğŸ‘‘ğŸ«¶ https://t.co/Bon7DqoH61";0;2;5;24;en;286208037;1615934978742947841;audreyandray;https://twitter.com/audreyandray/status/1615934978742947841
Thu Jan 19 04:20:42 +0000 2023;1615927205703585792;"Trending now: #LEEJUNHO 8.3 K + tweets &amp  #DiorBeauty 4.3 K + tweets of love &amp  appreciation for new anbassador Actor Idol â¦@follow_leejunhoâ© !! Starring in new #kdrama #KingTheLand with #YOONA his â­ï¸ is on the rise on the world stage! Congratulations !! ğŸ‘ğŸ‘ https://t.co/nhJYyWOpPM";0;0;5;13;en;286208037;1615927205703585792;audreyandray;https://twitter.com/audreyandray/status/1615927205703585792
Wed Jan 18 12:28:46 +0000 2023;1615687642661924864;"Trending now: #LEEJUNHO 8.2 K + tweets and #DiorxJunho tweets of love &amp  appreciation for #DiorBeauty Ambassador â¦@follow_leejunhoâ© who sent fans Bubble today! We â¤ï¸ğŸ‘ğŸ‘‘! Please keep tweeting &amp  trending our fave #kdrama #kpop King! Thank you Jeonha ğŸ‘‘ stay healthy &amp  happy! https://t.co/ixUyHOkeEd";0;0;3;12;en;286208037;1615687642661924864;audreyandray;https://twitter.com/audreyandray/status/1615687642661924864
Tue Jan 17 15:11:03 +0000 2023;1615366095925563393;"Trending now: #LEEJUNHO 12.1 K + tweets &amp  #KingTheLand 13.1 K + tweets of love &amp  affection for #YOONA cast &amp  crew #JTBC #NETFLIX director &amp  writers of this new epic #kdrama romantic comedyğŸ™! Stay healthy everyone and keep doing your best! Ride the Hallyu Wave with us! https://t.co/l61XvibZ2h";0;0;1;8;en;286208037;1615366095925563393;audreyandray;https://twitter.com/audreyandray/status/1615366095925563393
Tue Jan 17 14:20:39 +0000 2023;1615353409561059328;"Trending now: #LEEJUNHO 11.7 K+ tweets &amp  #KingTheLand 12.5 K + tweets of love &amp  gratitude for everyone involved with this upcoming #kdrama to be shown on â¦@netflixâ© this year!! â¦@follow_leejunhoâ© &amp  â¦@GirlsGenerationâ© #YOONA are outstanding! Keep tweeting â¤ï¸! ğŸ«¶ https://t.co/b0LkucSkEF";0;0;4;15;en;286208037;1615353409561059328;audreyandray;https://twitter.com/audreyandray/status/1615353409561059328
Tue Jan 17 07:29:28 +0000 2023;1615249933531242496;"Trending now: #LEEJUNHO 8.8 K + tweets &amp  #KingTheLand 7.4 K + tweets of appreciation for his, #YOONA cast &amp  crew hard work in producing this lovely #kdrama on â¦@netflixâ© !! Please keep tweeting &amp  trending !! #TheActorIsPresent #KoreanActors200 We ğŸ«¶ all of you!! https://t.co/VgtmbCuOwX";0;0;1;13;en;286208037;1615249933531242496;audreyandray;https://twitter.com/audreyandray/status/1615249933531242496
Mon Jan 16 21:08:54 +0000 2023;1615093759875719182;"@MyTime94e It sure will...#Netflix and #KDRAMA time. Hope that long meeting went well and you slayed kween";0;0;0;1;en;1011513579433013248;1614928276111106052;tweets_nika;https://twitter.com/tweets_nika/status/1615093759875719182
Sun Jan 15 15:10:15 +0000 2023;1614641116321832963;"It's so weird looking back at all my #kpop #kdrama tweets from 2016 and earlier. Crazy.";0;0;0;0;en;394476378;1614641116321832963;KkissesKrisE;https://twitter.com/KkissesKrisE/status/1614641116321832963
Sat Jan 14 06:23:11 +0000 2023;1614146088088502273;"Trending now: #LEEJUNHO 5.8 K + #KingTheLand 1.9 K + tweets about the hottest, most anticipated #kdrama rom com staring â¦@follow_leejunhoâ© &amp  â¦@GirlsGenerationâ© ! Filming continues, please stay well everyone! ğŸ™ Thank you for your kindness to your fans â¤ï¸! https://t.co/9PkyVUHC2Q";0;0;1;14;en;286208037;1614146088088502273;audreyandray;https://twitter.com/audreyandray/status/1614146088088502273
Thu Jan 12 21:25:45 +0000 2023;1613648449597210625;"Trending now: #LEEJUNHO 13.6 K + tweets of love &amp  appreciation for South Korean Actor Idol â¦@follow_leejunhoâ© new vlog YT &amp  filming #KingTheLand #kdrama with #YOONA ! Yes, he looks good! #TheActorIsPresent #KoreanActors200 ğŸ‘‘ğŸ•ºğŸ»ğŸ¬ğŸ­ğŸï¸ Please keep him trending! ğŸ™ Thank you ! https://t.co/wMyy4fnGAf";0;0;1;15;en;286208037;1613648449597210625;audreyandray;https://twitter.com/audreyandray/status/1613648449597210625
Thu Jan 12 10:05:20 +0000 2023;1613477218965159937;"Trending now: #LEEJUNHO 9.5 K &amp  #WOOYOUNG 2.7 K + tweets of love &amp  appreciation for #2PM members individual successes, #Junho vlog just released, #Wooyoung IG live earlier from the beach! Thank you to our ğŸ‘‘s of #kpop #kdrama for your kindness! Keep streaming &amp  tweeting your â¤ï¸s! https://t.co/1J2NQQdMyP";0;0;0;4;en;286208037;1613477218965159937;audreyandray;https://twitter.com/audreyandray/status/1613477218965159937
Sat Jan 07 04:29:33 +0000 2023;1611580776528891905;"Iâ€™m glad I waited to binge-watch this showâ€¦it was so good but so heartbreaking sometimes.ğŸ’”ğŸ¥ºâ¤ï¸  #revengeofothers â€¢ #kdrama  #parksolomon â€¢ #shinyeeun https://t.co/WXGTzMBovF";0;0;1;5;en;1340007327064150016;1611580776528891905;kdgurl_tweets;https://twitter.com/kdgurl_tweets/status/1611580776528891905
Wed Jan 04 18:12:33 +0000 2023;1610700728301137922;"Trending now: #KingTheLand 8.5 K + tweets of love for news about one of the most anticipated #kdrama romantic comedies for 2023!! We love the stars #YOONA &amp  #LEEJUNHO ! Stay well &amp  happy filming!! Fans worldwide are sending you love ğŸ«¶! https://t.co/B7wQwm5fCr";0;1;2;7;en;286208037;1610700728301137922;audreyandray;https://twitter.com/audreyandray/status/1610700728301137922
Tue Jan 03 15:05:18 +0000 2023;1610291218528849924;"[2014.01.03] "In the case of the Best Dressed Award voting conducted through Twitter,224,000 cheering messages were received,the amount of buzz in tweets about dramas and actors related to acting targets reached 1.59M." (#LeeMinHo won Award)  #ì´ë¯¼í˜¸ #kdrama https://t.co/ocfCpmpR4m";0;1;11;34;en;594924152;1610291218528849924;sevennyLMH;https://twitter.com/sevennyLMH/status/1610291218528849924
Sat Dec 31 01:24:49 +0000 2022;1608997570352918528;"it hasnâ€™t even been a day and I miss them alreadyâ€¦gonna have to rewatch their scenes until part 2 comes out in march 2023.ğŸ¥²â¤ï¸â€ğŸ©¹  #theglory â€¢ #netflix â€¢ #kdrama  #songhyekyo â€¢ #leedohyun https://t.co/ZArHdTJDRV";1;0;3;12;en;1340007327064150016;1608997570352918528;kdgurl_tweets;https://twitter.com/kdgurl_tweets/status/1608997570352918528
Sat Dec 24 04:28:07 +0000 2022;1606506984932773889;"Iâ€™d like to thank Netflix for releasing the entire show in one dayâ€¦I binged the whole thing and absolutely loved it!â¤ï¸  #TheFabulous #Netflix #kdrama  #ChoiMinho #ChaeSooBin https://t.co/w0juoLk6mm";0;0;5;19;en;1340007327064150016;1606506984932773889;kdgurl_tweets;https://twitter.com/kdgurl_tweets/status/1606506984932773889
Fri Dec 23 11:17:44 +0000 2022;1606247680245735427;"Apparently I've made it to 100k tweets! ğŸ¥³  I'm absolutely positive it has nothing to do with campaigning for #Sanditon to continue or the massive #kdrama binge I've been on this year! ğŸ™ˆğŸ˜‚ğŸ˜‚ https://t.co/1QzD6j4vri";0;0;0;8;en;245325863;1606247680245735427;TinyToesTom05;https://twitter.com/TinyToesTom05/status/1606247680245735427
Mon Dec 12 08:09:29 +0000 2022;1602214041921163265;"Trending now: #LEEJUNHO 12 K + tweets of excitement for â¦@follow_leejunhoâ© appearance at #AAA2022 !! The best of the best in #kpop &amp  #kdrama will be in Nagoya! Please follow post_leejunho le2jh IG Lee junho YT shop at â¦@lottedfs_globalâ© #Dior #Piaget Tweet!! https://t.co/eItrbvDLpV";0;0;1;11;en;286208037;1602214041921163265;audreyandray;https://twitter.com/audreyandray/status/1602214041921163265
Sat Dec 03 16:09:20 +0000 2022;1599073305658814464;"https://t.co/DuQ8hFlJjq Tweets after months just cz blogs after months! #blogger #kdrama #kdramareview #writer #kdramas";0;0;0;0;en;2497755504;1599073305658814464;VSupermind;https://twitter.com/VSupermind/status/1599073305658814464
Tue Nov 29 15:54:07 +0000 2022;1597619927804182529;"Trending now: #LEEJUNHO 13K + tweets of love for our wonderful Jeonha ğŸ‘‘ #LEEJUNHO King of #kdrama &amp  setting off mass heart fluttering around the world w/his beautiful generous heart &amp  visuals! Thank you makeup_chohansera &amp  stylist_hmm IG for all of your beautiful work! â¤ï¸ğŸ–¼ï¸ğŸ¨ğŸ¥ https://t.co/nKgQUTnLA6";0;0;1;11;en;286208037;1597619927804182529;audreyandray;https://twitter.com/audreyandray/status/1597619927804182529
Mon Nov 28 07:12:39 +0000 2022;1597126308940894208;"Trending now: #LEEJUNHO 13 K + tweets of love &amp  appreciation for our busy King of #kdrama &amp  commercials &amp  more content coming fans' way ğŸ¥ğŸ­ğŸ¬ğŸï¸â¤ï¸! We appreciate you â¦@follow_leejunhoâ© for all you do for us ğŸ™ğŸ«¶ğŸğŸ’ğŸŒ! https://t.co/oSnvQIzUaI";0;0;1;6;en;286208037;1597126308940894208;audreyandray;https://twitter.com/audreyandray/status/1597126308940894208
Fri Nov 25 19:43:24 +0000 2022;1596228074462662656;"Trending #TAECYEON 4,444 Tweets  #2PM #Kdrama #Kpop  (The 4444 angel number meaning is that good times are coming and you should expect a change in your fortunes. So, when you see 4444 in your daily life, take notice because this Divine number means a positive change is coming.)";0;1;4;10;en;1369630388;1596118680454270978;InventiveBear;https://twitter.com/InventiveBear/status/1596228074462662656
Sat Nov 19 17:48:28 +0000 2022;1594024826880266242;"Trending now: #LEEJUNHO 16.2 K + tweets for â¦@follow_leejunhoâ© fanmeeting with #LOTTEDUTYFREE winners last night! Fans were dazzled by his charisma, visuals &amp  made special memories! We will always support you Jeonha ğŸ‘‘ğŸ¥ğŸ¤ğŸ•ºğŸ»ğŸ¬ğŸ†â¤ï¸! #KingTheLand #kdrama #kpop Please tweet ! https://t.co/2Pj7UXkLz8";0;0;0;3;en;286208037;1594024826880266242;audreyandray;https://twitter.com/audreyandray/status/1594024826880266242
Sat Nov 19 12:12:17 +0000 2022;1593940221946908672;"Trending now: #LEEJUNHO 6.2 K + tweets of love &amp  good times &amp  great memories with our #kdrama &amp  commercial king â¦@follow_leejunhoâ© at #LOTTEDUTYFREE ! What a treat for lucky fans who got to see him onstage perform with great voice, visuals &amp  humor! We â¤ï¸U ğŸ‘‘ğŸ¥ğŸ•ºğŸ»ğŸ¤ğŸ•ºğŸ»ğŸ«¶ğŸ†! https://t.co/Kax7ALWKMW";1;0;0;4;en;286208037;1593940221946908672;audreyandray;https://twitter.com/audreyandray/status/1593940221946908672
Thu Nov 17 08:29:32 +0000 2022;1593159389661495296;"Trending now: #LEEJUNHO 3.4 K + tweets of love &amp  appreciation for Actor Idol â¦@follow_leejunhoâ© â¦@dlwnsghekâ© new teaser video for #LOTTEDUTYFREE Before Travel Original Series Campaign to be released 11/21 !! Also please vote for him on #DCMLIVE !  #kdrama #kpop â¤ï¸ğŸ‘‘ğŸ¥ https://t.co/HhhMoqufN9";0;0;1;9;en;286208037;1593159389661495296;audreyandray;https://twitter.com/audreyandray/status/1593159389661495296
Fri Nov 11 17:11:09 +0000 2022;1591116329448534022;"For Kdrama fans....  ğŸğŸğŸğŸğŸ Quote tweets thread ğŸ’£ #kdrama #kdramas #korean";1;1;0;3;en;1279062918756065280;1591116329448534022;honeykrubbb;https://twitter.com/honeykrubbb/status/1591116329448534022
Wed Nov 09 17:44:36 +0000 2022;1590399974843744257;"How come I'm not seeing any #Kdrama tweets these days on tl?  You guys finished off all the Korean content available? ğŸ˜‚";0;0;0;0;en;947859765111136256;1590399974843744257;dr_sammd;https://twitter.com/dr_sammd/status/1590399974843744257
Tue Nov 08 13:50:00 +0000 2022;1589978547724382208;"Trending now: #LEEJUNHO 5.6 K + tweets of love &amp  appreciation for his #kdrama #KingTheLand currently filming #AAA2022 voting by devoted fans #LOTTEDUTYFREE video photo interview le2jh &amp  twitter photos! Jeonha ğŸ‘‘ you are so kind â¤ï¸ Can you feel my heartbeat ğŸ’—ğŸ’ğŸ’“ğŸ’–ğŸ’?! https://t.co/TZ4d2YM8Yq";0;0;1;10;en;286208037;1589978547724382208;audreyandray;https://twitter.com/audreyandray/status/1589978547724382208
Sun Oct 30 05:03:08 +0000 2022;1586584464612003840;"Finally I convinced myself to stop watching this season of #BB16 Happily Skip last 5-6 episodes. (only Reading Tweets)  It's Time To get back to my #kdrama and #Cdrama World!!  #KoreanDrama #kdramatwt";0;0;0;1;en;777083815256743936;1586584464612003840;kritijoshi0907;https://twitter.com/kritijoshi0907/status/1586584464612003840
Mon Oct 10 22:20:11 +0000 2022;1579597690786426883;"Huge #kdrama *fan.* One day this bird app will allow us to edit tweets. ğŸ™„";0;3;0;1;en;950458925266108418;1579596850793172992;GabwithGwen;https://twitter.com/GabwithGwen/status/1579597690786426883
Mon Oct 10 20:01:53 +0000 2022;1579562885571047426;"@mikrokosmos014 Amo tus tweets sobre Escalera Al Cielo ğŸ˜‚ğŸ˜ y Jungseo es el personaje mÃ¡s exasperante que he visto en un #kdrama";0;0;0;0;es;1485004531867992067;1579549772188618754;dorandorankr;https://twitter.com/dorandorankr/status/1579562885571047426
Fri Oct 07 09:59:28 +0000 2022;1578324118516420609;"Posted 2 days ago but it doesn't have the engagements that SD hate tweets got. Where are the 10k likes and 10k qts?? Y'all are hypocrites. #kdrama stans why don't y'all cancel this show when it is proven that it distorted history???";0;1;0;9;en;1530800727454806016;1578324118516420609;brutalgojo;https://twitter.com/brutalgojo/status/1578324118516420609
Sat Oct 01 12:23:44 +0000 2022;1576186096089989120;"@nayanikaaa Will tag all my #KDrama appreciation tweets.   https://t.co/FEmEwr78B8";0;0;0;1;en;102295409;1576099340657233921;Geeky_Foodie;https://twitter.com/Geeky_Foodie/status/1576186096089989120
Thu Sep 29 18:37:54 +0000 2022;1575555482252890112;"Trending now: #LEEJUNHO 34.4 K + &amp  #SongJoongKi 13.2 K + tweets of love &amp  appreciation for winners of Best Actor &amp  Daesang #APANAwards #TheRedSleeve #Vincenzo ! Fans are on ğŸ”¥for the new Chaebols #kdrama #KingTheLand Both are #KoreanActors200 #TheActorIsPresent ğŸ†ğŸ†!! https://t.co/9A0KaXfd80";1;0;1;14;en;286208037;1575555482252890112;audreyandray;https://twitter.com/audreyandray/status/1575555482252890112
Tue Sep 27 05:07:36 +0000 2022;1574626789439184897;"Reading the tweets abt #greenmothersclubep13 is sending me ğŸ˜‚ğŸ˜‚ğŸ˜‚ All the theories and comparisons to #PENTHOUSE when Rhea shows up ğŸ˜­ #greenmothersclub #kdrama https://t.co/eNeWIhCvjs";0;0;0;0;en;950458925266108418;1574626789439184897;GabwithGwen;https://twitter.com/GabwithGwen/status/1574626789439184897
Mon Sep 26 23:37:15 +0000 2022;1574543654357815296;"#Netneutrality under threat in South Korea. #Kpop fans, #Kdrama fans be aware. https://t.co/2lxejMnaQF";0;1;2;1;en;1011513579433013248;1574543654357815296;tweets_nika;https://twitter.com/tweets_nika/status/1574543654357815296
Mon Sep 26 03:49:58 +0000 2022;1574244866259034112;"I was busy since yesterday and u couldn't watch Little women 7th and 8th episode I can watch it today evening But all these tweets are making me wanna watch it right now itself ğŸ¤§  #LittleWomen #kdrama";0;0;0;1;en;1250771199769997312;1574244866259034112;Soo__Ah__;https://twitter.com/Soo__Ah__/status/1574244866259034112
Thu Sep 22 23:11:13 +0000 2022;1573087551740846080;"ever since he found out using her supervision could hurt her, sunwoo always tried to stop sera from using itâ€¦so the fact that he kissed her eyes first meant everything.â¤ï¸  #goodjob #goodjobep10  #jungilwoo #kwonyuri #kdrama https://t.co/tLRVoYMCU1";2;0;24;78;en;1340007327064150016;1573083407277789184;kdgurl_tweets;https://twitter.com/kdgurl_tweets/status/1573087551740846080
Thu Sep 22 22:54:45 +0000 2022;1573083407277789184;"itâ€™s been 84 years and 2 shows laterâ€¦  but  it  finally  happened.  ğŸ¥¹â¤ï¸ğŸ¤§ğŸ’‹ğŸ™Œ  #goodjob #goodjobep10  #bossamstealthefate #kdrama  #jungilwoo #kwonyuri https://t.co/S2ZD6npFkV";0;2;15;61;en;1340007327064150016;1573083407277789184;kdgurl_tweets;https://twitter.com/kdgurl_tweets/status/1573083407277789184
Fri Sep 16 00:00:28 +0000 2022;1570563230413783041;"This time, it is real! My Chilling Roommate drama version will be out today in Viki. You can use these tags in your tweets to celebrate Chanwoo &amp  Sojung's drama release. See you at 9:30AM changus, ikonics, and buddies! ğŸ‘»  #ì˜¤ì‹¹í•œë™ê±° #Kdrama   #ì •ì°¬ìš° #CHANWOO #ê¹€ì†Œì • #SOWON https://t.co/QrEMkXkXWa";6;0;126;179;en;1382308114548989954;1570563230413783041;chanwoo_actor;https://twitter.com/chanwoo_actor/status/1570563230413783041
Wed Sep 07 00:08:01 +0000 2022;1567303639148150785;"whether itâ€™s a historical or modern drama, onscreen or behind-the-scenes, these two have the best chemistry.ğŸ˜Œâ¤ï¸  #goodjob #bossamstealthefate   #jungilwoo #kwonyuri #kdrama https://t.co/mHbFrEd4AR";0;0;17;54;en;1340007327064150016;1567303639148150785;kdgurl_tweets;https://twitter.com/kdgurl_tweets/status/1567303639148150785
Tue Sep 06 02:49:33 +0000 2022;1566981903655510018;"@drama_mara @moviemavengal @daebakpodcast1 @DramaCurrent @kaymatthews @ThatVickeyGirl @roh_tweets @accidental_kiss @thisismyalibi @MyBrokenCompass @EmmaB_Videos @palmawurzel I love you all so much that you make me wanna stay up or wake up at ridiculous hours just so I can discuss #kdrama shows with you all in a different time zone! https://t.co/HKiM4IOtOs";0;1;1;8;en;27179627;1566961897945313282;jmbeveridge;https://twitter.com/jmbeveridge/status/1566981903655510018
Thu Sep 01 03:59:00 +0000 2022;1565187443288150016;"Just out of curiosity: All #KDRAMA tweets are of fanfare. Few, not all, do mention important issues while making them entertaining. "My ID is Gangam Beauty" - #plasticsurgery, "Oh, My Baby" - Artificial Insemination for Single women, ..  If you get happiness, shouldn't you care?";0;0;0;0;en;1554369865389072388;1565187443288150016;earthli89366216;https://twitter.com/earthli89366216/status/1565187443288150016
Wed Aug 31 23:51:33 +0000 2022;1565125168875315205;"Eu assisti o ep 12 de #AlchemyOfSouls sÃ³ hoje porque nÃ£o tive tempo durante a semana E nÃ£o deu pra fazer 17 mil tweets sobre o ep, mas falando no geral eu amei, o final foi de arrepiar e eu jÃ¡ tÃ´ com medo dos prÃ³ximos, amei a Mu Deok com ciÃºmes do Uk ğŸ¤­ #Dorama  #kdrama https://t.co/isHq9nOIy7";0;0;0;0;pt;1461466639954755591;1565125168875315205;Winterriver12;https://twitter.com/Winterriver12/status/1565125168875315205
Thu Aug 25 23:31:24 +0000 2022;1562945771355668480;"just finished binge-watching this show and I can honestly say it was one of my favorite historical dramasâ€¦their strong, faithful and pure love for each other was everything.ğŸ¥¹â¤ï¸  #bossamstealthefate #kdrama  #jungilwoo #kwonyuri https://t.co/9IsNPncyvG";0;0;18;59;en;1340007327064150016;1562945771355668480;kdgurl_tweets;https://twitter.com/kdgurl_tweets/status/1562945771355668480
Sat Aug 20 08:00:13 +0000 2022;1560899493301997569;"Anyone watched this #Duranga ? Did you liked it? #FlowerOfEvil #DurangaOnZEE5 #KoreanDrama #KDrama #OTT #WebSeries https://t.co/WcXr3SMmxZ";0;2;3;5;en;1461662932710748166;1560899493301997569;_sr_tweets;https://twitter.com/_sr_tweets/status/1560899493301997569
Thu Aug 18 03:42:25 +0000 2022;1560109838436184065;"bringing back their smiles because I need happy whale couple vibes on my tl before the finale.ğŸ˜ŒğŸ³  #extraordinaryattorneywoo  #parkeunbin #kangtaeoh #kdrama https://t.co/ivQIpqJx0z";0;0;1;7;en;1340007327064150016;1560109838436184065;kdgurl_tweets;https://twitter.com/kdgurl_tweets/status/1560109838436184065
Mon Aug 15 18:06:57 +0000 2022;1559240240912809984;"Trending now: Taecyeon 4.3 K + tweets of love &amp  appreciation for Actor Idol #2PM â¦@taeccoolâ© star of top movie #Hansan &amp  upcoming #kdrama #Blind ! We â¤ï¸ U #OkTaecyeon ! Keep the tweets coming! See you on the big screen &amp  tv!! ğŸ‘ğŸ‘ğŸ‘ğŸ‘ğŸ‘â¤ï¸ğŸ‘ğŸ‘ğŸ‘ğŸ‘ğŸ‘ https://t.co/2zUFTYEHWH";0;0;4;15;en;286208037;1559240240912809984;audreyandray;https://twitter.com/audreyandray/status/1559240240912809984
Thu Aug 11 20:08:00 +0000 2022;1557821154580221952;"J'ai envie de me rÃ©veiller demain matin et que quelques choses d'incroyable se Produisent pour moi.  Alors je vais juste mettre tous mes Hashtags du moment et laisser mon tweets voyager  #GalaxyZFlip4 #vlogdaout #LenaSituations #GoodVibes #kdrama #fashiondesigner #BibleSumett";0;0;0;1;fr;1413036855201832964;1557821154580221952;Mrs_Bouadjie;https://twitter.com/Mrs_Bouadjie/status/1557821154580221952
Tue Aug 09 02:38:24 +0000 2022;1556832234996436993;"Ahora sÃ­, ya confirmada la llegada de #LittleWomen a #Netflix. He leÃ­do muchos tweets y publicaciones que la venden como producciÃ³n de Netflix, lo cual es errÃ³neo, ya que el drama es de #tvN y se emitirÃ¡ tambiÃ©n por Netflix. #kdrama #kdramatwt #KimGoEun #NamJiHyun #ParkJiHu https://t.co/iC52xSjx7H";2;2;1;8;es;1403836705141108741;1556832234996436993;LosdramasconK;https://twitter.com/LosdramasconK/status/1556832234996436993
Sat Aug 06 04:52:49 +0000 2022;1555778898930966528;"They say tweets with photos get noticed. Anyway, here is Korean actress Bae Da Bin ğŸ˜ğŸ¥° (from the K-drama 'It's Beautiful Now'). #BaeDaBin #Korea #KDrama #ItSBeautifulNow #KBS #KBSWorld https://t.co/MivBfSNZGv";0;0;2;8;en;287748737;1555778898930966528;komaricteam;https://twitter.com/komaricteam/status/1555778898930966528
Wed Aug 03 19:56:40 +0000 2022;1554919196215185408;"video calls and dad jokes, window handholding, comforting chair hugs, and walking home datesâ€¦I love how they have their own beautiful unique love language.ğŸ¥¹â¤ï¸  #extraordinaryattorneywooep11 #extraordinaryattorneywoo #parkeunbin  â€¢ #kangtaeoh  #kdrama â€¢ #netflix https://t.co/ciOtRBFoNy";0;0;1;11;en;1340007327064150016;1554919196215185408;kdgurl_tweets;https://twitter.com/kdgurl_tweets/status/1554919196215185408
Tue Aug 02 21:38:25 +0000 2022;1554582416005558274;"*my new (short but sweet) vid*   youngwoo + junho â¤ï¸ğŸ³â¤ï¸  link: https://t.co/dBqwBAkNWE  #extraordinaryattorneywoo  #parkeunbin #kangtaeoh #kdrama https://t.co/0n9wzDxyK3";0;0;1;5;en;1340007327064150016;1554582416005558274;kdgurl_tweets;https://twitter.com/kdgurl_tweets/status/1554582416005558274
Tue Aug 02 01:34:12 +0000 2022;1554279363834548224;"â€¢ green flag ml characters â€¢  âœ…â˜ºï¸ğŸ’š  #extraordinaryattorneywoo  #encounter #hospitalplaylist #herprivatelife #kdrama https://t.co/OBhl0phtN4";0;0;1;2;en;1340007327064150016;1554279363834548224;kdgurl_tweets;https://twitter.com/kdgurl_tweets/status/1554279363834548224
Mon Aug 01 03:43:10 +0000 2022;1553949432978104320;"Trending now: #LEEJUNHO 4.6 K + tweets of love &amp  appreciation for â¦@follow_leejunhoâ© #2PM #kpop #kdrama star &amp  humble, generous human being! Busy prepping for #BeforeMidnight_Beyond_Live &amp  #KingTheLand with #YoonA ! We appreciate you! #TheActorIsPresent #KoreanActors200 ğŸ¥ https://t.co/AemrDxEJbr";1;0;4;10;en;286208037;1553949432978104320;audreyandray;https://twitter.com/audreyandray/status/1553949432978104320
Thu Jul 28 20:00:00 +0000 2022;1552745710054912000;"yw:   â€œloving me is hard.â€  jh:    â€œyesâ€¦it appears so.â€  yw:  â€œbut are you still going to?â€                 jh:    â€œyes.â€  ğŸ¥¹â¤ï¸  #extraordinaryattorneywooep10 #extraordinaryattorneywoo #parkeunbin  â€¢ #kangtaeoh  #kdrama â€¢ #netflix https://t.co/MPowYBEP9C";0;1;2;8;en;1340007327064150016;1552745710054912000;kdgurl_tweets;https://twitter.com/kdgurl_tweets/status/1552745710054912000
Wed Jul 27 19:32:02 +0000 2022;1552376284138745856;"the fact that he ran back to the office, confessed to her in the same way they met, and even matched her outfit made this the best  â€œI like youâ€ scene ever.ğŸ¥¹â¤ï¸  #extraordinaryattorneywooep9 #extraordinaryattorneywoo #parkeunbin  â€¢ #kangtaeoh  #kdrama â€¢ #netflix https://t.co/Hc167rjMgd";2;0;6;23;en;1340007327064150016;1552376284138745856;kdgurl_tweets;https://twitter.com/kdgurl_tweets/status/1552376284138745856
Wed Jul 27 04:01:42 +0000 2022;1552142156453752832;"Trending now: #TAECYEON 4.8 K + tweets of love &amp  appreciation for #Hottest fans of #2PM @OkCat 's big lovable human:  actor, singer, dancer, model &amp  charismatic entertainer â¦@taeccoolâ© !! Watch him in new movie #Hansan and new #kdrama #Blind ! We appreciate you Taec! ğŸ™ https://t.co/PKHyoo4Yqb";0;0;2;13;en;286208037;1552142156453752832;audreyandray;https://twitter.com/audreyandray/status/1552142156453752832
Thu Jul 21 22:16:29 +0000 2022;1550243342465650689;"I love them, your honor. ğŸ¥¹â¤ï¸âš–ï¸  #extraordinaryattorneywoo  #parkeunbin â€¢ #kangtaeoh  #netflix â€¢ #kdrama https://t.co/nfgiEjX83G";0;0;4;6;en;1340007327064150016;1550243342465650689;kdgurl_tweets;https://twitter.com/kdgurl_tweets/status/1550243342465650689
Thu Jul 21 04:27:41 +0000 2022;1549974367831875585;"Trending now : #LeeJunHo 3.2 K + tweets of love &amp  appreciation for â¦@follow_leejunhoâ© 's achievements &amp  upcoming fancon #BeforeMidnight_Beyond_Live &amp  #KingTheLand #kdrama ! Go Oppa we believe in you &amp  thank you for everything! #TheActorIsPresent #KoreanActors200 â¤ï¸ğŸ¥ğŸ­ğŸ¤´ğŸ»â¤ï¸ https://t.co/lfWBusDYC5";1;0;2;18;en;286208037;1549974367831875585;audreyandray;https://twitter.com/audreyandray/status/1549974367831875585
Wed Jul 20 20:41:32 +0000 2022;1549857061034307585;"Trending now: Lee Junho #LeeJunHo 4.9 K + tweets for our King ğŸ¤´ğŸ» of #KDrama &amp  #KPop â¦@follow_leejunhoâ© ! Please keep showing him your love for his outstanding dramas, commercials &amp  #2PM and solo #music ! We appreciate you ğŸŒğŸ™! #TheActorIsPresent #KoreanActors200 https://t.co/00PLt75Jba";0;0;1;12;en;286208037;1549857061034307585;audreyandray;https://twitter.com/audreyandray/status/1549857061034307585
Tue Jul 19 23:44:18 +0000 2022;1549540666367041536;"2021:                          2022: disney+                      disney+ is getting                    took another  kdramas ğŸ˜              #kdrama ğŸ«¥ https://t.co/NwCwzOPs6s";0;0;3;3;en;1340007327064150016;1549540666367041536;kdgurl_tweets;https://twitter.com/kdgurl_tweets/status/1549540666367041536
Thu Jul 14 01:58:04 +0000 2022;1547400003387240449;"â€œlee junho likes woo youngwooâ€¦is this true?â€  -he didnâ€™t even need to answer, the way he looks at her says it all.ğŸ¥¹â¤ï¸  #extraordinaryattorneywooep5  #extraordinaryattorneywoo  #parkeunbin â€¢ #kangtaeoh  #netflix â€¢ #kdrama https://t.co/xogO9i5NXa";0;0;4;8;en;1340007327064150016;1547400003387240449;kdgurl_tweets;https://twitter.com/kdgurl_tweets/status/1547400003387240449
Tue Jul 12 05:13:27 +0000 2022;1546724396034732033;"The incessant tweets about #AlchemyofSouls2 and the status of the lead actress and everyone's speculation is seriously kinging me off ... we are only into less than half of the 20-episodes for #AlchemyofSouls #kdrama and seriously do not need the story spoilt like that, IMHO.(+)";0;1;0;1;en;8932142;1546724396034732033;toysrevil;https://twitter.com/toysrevil/status/1546724396034732033
Mon Jul 11 02:20:21 +0000 2022;1546318445469470722;"TÃ´ triste demais com o final de #Snowdrop agora vou fazer 10 mil tweets sobre isso porque tÃ´ arrasada e nÃ£o quero sofrer sozinha ğŸ˜­ğŸ˜­ğŸ˜­ #dorama #JISOO #BLACKPINK #kdrama #JungHaeIn https://t.co/xLRXbrfC8B";0;1;2;9;pt;1461466639954755591;1546318445469470722;Winterriver12;https://twitter.com/Winterriver12/status/1546318445469470722
Sun Jul 10 03:49:52 +0000 2022;1545978584946188289;"From the end of Ep3 preview for Ep4, we'll be seeing more of #JeonBaeSu as #WooYoungWoo's father, in her next stage of #KDRAMA life...! (Which I'll be watching Ep4 after these tweets YAY!)  #iliketeevee #POPCORNX";0;0;0;0;en;8932142;1545978133341278209;toysrevil;https://twitter.com/toysrevil/status/1545978584946188289
Sat Jul 09 03:14:59 +0000 2022;1545607419266359296;"gong chan is too precious for this world.ğŸ¥ºğŸ’”ğŸ¤§   (also #hwanginyoup deserves all the awards for this episode.ğŸ‘ğŸ†â¤ï¸)  #whyherep11 â€¢ #whyher â€¢ #kdrama https://t.co/oLD6C9FEYY";1;0;11;51;en;1340007327064150016;1545607419266359296;kdgurl_tweets;https://twitter.com/kdgurl_tweets/status/1545607419266359296
Tue Jul 05 01:19:59 +0000 2022;1544128929539100672;"I am seeing so many tweets about Extraordinary attorney woo And it's tempting me to start watching that drama ğŸ™Š  #ExtraordinaryAttorneyWoo #kdrama #kdramatwt";0;0;0;2;en;1250771199769997312;1544128929539100672;Soo__Ah__;https://twitter.com/Soo__Ah__/status/1544128929539100672
Mon Jul 04 09:41:01 +0000 2022;1543892628609048576;"BI Asks for Thirst Tweets &amp  IDs Gave the Best Responsesâ€•Here Are Examples | follow for #kpop &amp  #kdrama updates https://t.co/CDWqLd04iQ";0;0;0;0;en;1150449067509440513;1543892628609048576;3PointInsights;https://twitter.com/3PointInsights/status/1543892628609048576
Sun Jul 03 14:11:50 +0000 2022;1543598394912002055;"BI Asks for Thirst Tweets &amp  IDs Gave the Best Responsesâ€•Here Are Examples | follow for #kpop &amp  #kdrama updates https://t.co/CDWqLd04iQ";0;0;0;0;en;1150449067509440513;1543598394912002055;3PointInsights;https://twitter.com/3PointInsights/status/1543598394912002055
Sun Jul 03 04:03:55 +0000 2022;1543445408231305216;"Trending now: #ì´ì¤€í˜¸_ë°°ìš°9ì£¼ë…„_ì¶•í•˜í•´ 38.2 K + tweets of praise &amp  respect for #BaeksangArtAwards2022 #BestActor #TheRedSleeve #LeeJunHo star of the upcoming #kdrama #KingTheLand with #LimYoona ğŸ’! Saranghaeyo Jeonha â¤ï¸ğŸ‘‘ğŸ¥ğŸ­ğŸğŸŒ¼ğŸ’ƒğŸ»ğŸ•ºğŸ»ğŸ¬ğŸ‘ğŸ‰ #TheActorIspresent #KoreanActors200 https://t.co/7rfprx9bmX";1;0;2;16;en;286208037;1543445408231305216;audreyandray;https://twitter.com/audreyandray/status/1543445408231305216
Sat Jul 02 23:50:49 +0000 2022;1543381712251396096;"since Iâ€™m too invested in this ship and next week probably wonâ€™t be fun, Iâ€™m just gonna live in this sunrise beachside bubble of happiness for a few more episodesâ€¦ğŸ˜ŒğŸŒ…ğŸ’›  #whyher â€¢ #kdrama  #seohyunjin â€¢ #hwanginyoup https://t.co/dcO8FVLGaT";0;0;7;27;en;1340007327064150016;1543381712251396096;kdgurl_tweets;https://twitter.com/kdgurl_tweets/status/1543381712251396096
Sat Jul 02 19:17:35 +0000 2022;1543312949078396929;"Trending now: #ì´ì¤€í˜¸_ë°°ìš°9ì£¼ë…„_ì¶•í•˜í•´ 35.1 K + tweets of love &amp  appreciation for Actor #LeeJunHo 9th Anniversary &amp  his outstanding resumÃ© starting with #ColdEyes thru #TheRedSleeve &amp  upcoming #kdrama #KingTheLand #TheActorIsPresent shine bright ğŸŒŸ! ğŸ«°â¦@follow_leejunhoâ© ! https://t.co/V2BjAUHnnT";2;0;7;19;en;286208037;1543312949078396929;audreyandray;https://twitter.com/audreyandray/status/1543312949078396929
Sat Jul 02 03:51:26 +0000 2022;1543079878291079168;"BI Asks for Thirst Tweets &amp  IDs Gave the Best Responsesâ€•Here Are Examples | follow for #kpop &amp  #kdrama updates https://t.co/CDWqLd04iQ";0;0;0;0;en;1150449067509440513;1543079878291079168;3PointInsights;https://twitter.com/3PointInsights/status/1543079878291079168
Thu Jun 30 23:30:52 +0000 2022;1542651916131487744;"BI Asks for Thirst Tweets &amp  IDs Gave the Best Responsesâ€•Here Are Examples | follow for #kpop &amp  #kdrama updates https://t.co/CDWqLd04iQ";0;0;0;0;en;1150449067509440513;1542651916131487744;3PointInsights;https://twitter.com/3PointInsights/status/1542651916131487744
Wed Jun 29 18:24:21 +0000 2022;1542212390032355329;"Trending now: #LeeJunHo 8.5 K + tweets and JunHo Bubble in Hangul 1.5 K + tweets of appreciation for our #KDrama &amp  Commercial King â¦@dlwnsghekâ© of â¦@follow_2PMâ© ! â¤ï¸ğŸ‘‘ğŸ¥ğŸ¥°ğŸ˜!! We appreciate you! ğŸ˜ğŸ˜» https://t.co/c052RTdhQ1";0;0;3;12;en;286208037;1542212390032355329;audreyandray;https://twitter.com/audreyandray/status/1542212390032355329
Wed Jun 29 15:19:49 +0000 2022;1542165950665224193;"Trending now: #LeeJunHo 7.6 K + tweets and in Hangul JunHo Bubble 1.4 K + tweets of love &amp  appreciation for our beloved Jeonha King of #KDrama &amp  #Baeksang ğŸ‘‘ğŸ†ğŸ†! Thank you fans for tweeting him ğŸ«¶! Follow â¦@dlwnsghekâ© le2jh IG Leejunho â¦@YouTubeâ© #KingTheLand !! https://t.co/2POANLGfQL";1;0;0;9;en;286208037;1542165950665224193;audreyandray;https://twitter.com/audreyandray/status/1542165950665224193
Tue Jun 21 19:09:59 +0000 2022;1539324771925737473;"Anyone watch #kdrama? What's on your must-watch list, &amp  why?  Me: #Kingdom. #Zombies + #hanbok. 'nuff said.  (tbf I watch anything w/ zombies so...)";0;0;0;0;en;23528705;1539324771925737473;dreys_tweets;https://twitter.com/dreys_tweets/status/1539324771925737473
Tue Jun 14 06:30:44 +0000 2022;1536596985838415873;"There are so many tweets on my timeline saying Link is amazing Should i start watching it ? Ahh i am busy , but all these tweets are making me want to watch it so badly ğŸ¤§  #Link #LinkEatLoveDie #YeoJinGoo #MoonGaYoung #kdrama";0;1;0;2;en;1250771199769997312;1536596985838415873;Soo__Ah__;https://twitter.com/Soo__Ah__/status/1536596985838415873
Mon Jun 13 22:31:53 +0000 2022;1536476479965515777;"In my first watching,I could take captures while watching on netflix but now I can't ..That's why I really want to find my old tweets about #YooSeungHo in #IAmNotARobot #Kdrama ğŸ˜¢";0;0;2;4;en;187706322;1536476057410408448;AmanySowon;https://twitter.com/AmanySowon/status/1536476479965515777
Sun Jun 12 07:22:27 +0000 2022;1535885225980567555;"Translate this kdrama titles into your regional languages (2021-2022) dramas only, Do check below tweets for old dramas list and for some fun translations  #kdramatwt #kdramas #kdrama";2;1;1;2;en;232047904;1535885225980567555;BeingBhaveen;https://twitter.com/BeingBhaveen/status/1535885225980567555
Thu Jun 09 01:19:49 +0000 2022;1534706801563865089;"Now I am looking for my tweets about #IAmNotARobot #Kdrama &amp  especially #YooSeungHo crush when I watched first time in June 2019.";0;1;3;5;en;187706322;1534706539713507328;AmanySowon;https://twitter.com/AmanySowon/status/1534706801563865089
Sun May 29 15:43:18 +0000 2022;1530937838488825857;"Me who is always missing him ğŸ˜­ğŸ’— #GongYoo #kdrama #Tweets https://t.co/sJuVHGFzXA";0;0;2;4;en;1384869838741401602;1530937838488825857;mompiiichetia;https://twitter.com/mompiiichetia/status/1530937838488825857
Sat May 28 07:19:13 +0000 2022;1530448594125332482;"There has been no one, absolutely no one I share 100% with on these #kdrama taste tweetsğŸ˜• Got to 90% twice but no perfect match.";0;0;0;1;en;386036240;1530448594125332482;bhubaza;https://twitter.com/bhubaza/status/1530448594125332482
Thu May 26 04:32:46 +0000 2022;1529681928009441280;"Every time I start a #kdrama or #cdrama i promise myself: - I will watch one episode and add it to my #MyDramaList  I NEVER do it ... Then I need look at my tweets to update my list ğŸ˜‚ğŸ˜‚ğŸ˜‚ My list about me: https://t.co/CqgKpQBfwq";0;1;0;3;en;872536265509543937;1529681928009441280;ideas_and_words;https://twitter.com/ideas_and_words/status/1529681928009441280
Wed May 18 09:30:51 +0000 2022;1526857838684823552;"#MyLiberationNotesEp7 #ë‚˜ì˜í•´ë°©ì¼ì§€ #MyLiberationNotes #kdrama #MyLiberationNotesEp12 https://t.co/qsAlvV6G9C";0;0;0;3;qme;592339774;1526857838684823552;Divine_Tweets;https://twitter.com/Divine_Tweets/status/1526857838684823552
Mon May 09 09:04:48 +0000 2022;1523589793988235264;"this show is quickly becoming one of my favorite kdramasâ€¦it has everything &amp  their chemistry is so good!ğŸ‘ğŸª„â¤ï¸  #fromnowonshowtime â€¢ #kdrama  #parkhaejin â€¢ #jinkijoo https://t.co/1t4ACPtGqq";0;1;6;24;en;1340007327064150016;1523589793988235264;kdgurl_tweets;https://twitter.com/kdgurl_tweets/status/1523589793988235264
Sun May 08 02:44:46 +0000 2022;1523131766126485505;"the way this episode was both heartbreaking and heartwarmingâ€¦not only did it show the love a mother has for her child but also the love a child has for their mother.ğŸ’  ğŸŒ·happy Motherâ€™s DayğŸŒ·  #tomorrowep12 â€¢ #netflix  #tomorrow â€¢ #kdrama https://t.co/YXavnnymbr";0;0;1;7;en;1340007327064150016;1523131766126485505;kdgurl_tweets;https://twitter.com/kdgurl_tweets/status/1523131766126485505
Thu May 05 20:30:23 +0000 2022;1522312775703408640;"Thank you to my 150 plus followers. I appreciate every single one of you. Thanks for taking the time to like and retweet my tweets. Thanks for not judging me for my #kdrama #cdrama #jdrama addiction and for playing #hashtag games. I wish love, health and happiness to you all. https://t.co/2AH7uaLy6Q";0;0;0;4;en;1453437485825015815;1522312775703408640;pandaeloves;https://twitter.com/pandaeloves/status/1522312775703408640
Thu May 05 18:51:00 +0000 2022;1522287765332840449;"Y aquÃ­ foticos promocionales de #Netflix de los 3 protas juntos #JiChangWook, #HwangInYeop y #ChoiSungEun para promocionar su #kdrama original que se estrena maÃ±ana #TheSoundofMagic ğŸ©ğŸ”¥.   PD: He hecho tweets sueltos porque al final, los Ãºltimos tweets de los hilos se ignoran ğŸ˜… https://t.co/E6ZgzKZsYn";1;1;5;42;es;1269260854400299010;1522287765332840449;Mis_kdramas;https://twitter.com/Mis_kdramas/status/1522287765332840449
Thu Apr 28 12:37:15 +0000 2022;1519656992578879488;"Ditunggu news selanjutnya #Binjin mini nya ğŸ¤­  #hyunbin #sonyejin #crashlandingonyou #cloy #kdrama https://t.co/5XHECWzMSg";0;0;1;18;in;1352523299683753984;1519656992578879488;Annyeong_tweets;https://twitter.com/Annyeong_tweets/status/1519656992578879488
Mon Apr 18 02:40:08 +0000 2022;1515882843464998924;"it's not about being happy or not , all I know for sure that  I really don't mind if they'll  delete an option called (feelings) if I'm not . #feelings  #Tweets  #kdrama #BTSARMY #TwentyFiveTwentyOne #MyLiberationNotes";0;0;0;1;en;1515868074095820800;1515882843464998924;ThDollrin;https://twitter.com/ThDollrin/status/1515882843464998924
Wed Apr 13 19:23:31 +0000 2022;1514323415179546625;"Trending now: #LeeJunHo 23.7 K + tweets of love &amp  support for #BestActor Korean PD Award Winner &amp  top Idol Singer Dancer Actor Model â¦@dlwnsghekâ© of â¦@follow_2PMâ© ğŸ† #Hottest #kpop #kdrama fans appreciate all you do! â¤ï¸#TheActorIsPresent #KoreanActors200 #Baeksang ğŸ™ https://t.co/IRo5LZ39Nj";0;0;0;5;en;286208037;1514323415179546625;audreyandray;https://twitter.com/audreyandray/status/1514323415179546625
Sun Apr 10 12:24:24 +0000 2022;1513130777097084934;"Henlo, my name's Gwen &amp  I created this acc for my Genshin Impact, BTS, Anime, J/Kpop, J/Kdrama, movies, book-ish tweets &amp  coffee cravings ğŸ’œ So if you like any of those, let's be friends. Please help â™¡/â†» ğŸ’œ  #genshintwt #BTS #jdrama #kdrama #JPOP #kpoptwt #Anitwt #booktwt";0;1;0;7;en;1502195920414203905;1513130777097084934;RandomGirlGwen;https://twitter.com/RandomGirlGwen/status/1513130777097084934
Wed Apr 06 08:51:53 +0000 2022;1511627743603171328;"BTS Arenâ€™t Real Songwriters? Producer Mike Dean Under Fire For Angry Tweets | follow for #kpop &amp  #kdrama updates https://t.co/3sY7TritcJ";0;0;0;0;en;1150449067509440513;1511627743603171328;3PointInsights;https://twitter.com/3PointInsights/status/1511627743603171328
Mon Apr 04 01:16:57 +0000 2022;1510788481705906180;"as a long time #kdrama fanâ€¦I remember in 2018 the craze for kdramas had died down a lot .. I used to miss kdrama tweets but now they are back in game .. all these new dramas trend everytime.. kdramatwt should stay like this #TwentyFiveTwentyOne";0;0;0;1;en;439030177;1510788481705906180;SaamyaKrishna;https://twitter.com/SaamyaKrishna/status/1510788481705906180
Thu Mar 31 03:13:34 +0000 2022;1509368277792747521;"further proof sunghoon and youngseo are adorkable chaotic soulmates.ğŸ˜Œâ¤ï¸  #businessproposal â€¢ #kdrama  #kimminkyu â€¢ #seolinah â€¢ #netflix https://t.co/1t5Evq4Inl";0;0;6;14;en;1340007327064150016;1509368277792747521;kdgurl_tweets;https://twitter.com/kdgurl_tweets/status/1509368277792747521
Thu Mar 24 16:51:48 +0000 2022;1507037476761743362;"Trending now : #LeeJunHo 6.9 K + tweets for the best #kpop &amp  #kdrama performer ! â¦@dlwnsghekâ© of â¦@follow_2PMâ© is winning hearts â¤ï¸â€ğŸ”¥ with his talents &amp  hard work! Keep tweeting your support for #TheActorIsPresent #KoreanActors200 ğŸ¥ğŸ‘‘ğŸ­ğŸ“ºğŸ¶ğŸ•ºğŸ»ğŸ›ğŸ†â¤ï¸ https://t.co/mcGVDEs3Yh";0;0;4;12;en;286208037;1507037476761743362;audreyandray;https://twitter.com/audreyandray/status/1507037476761743362
Tue Mar 22 01:44:26 +0000 2022;1506084353343844354;"if youâ€™re a second lead couple shipper  and youâ€™ve seen #businessproposalep7   then you knowâ€¦ğŸ˜ŒğŸ™ŒğŸ˜â¤ï¸  #businessproposal â€¢ #kdrama  #seolinah â€¢ #kimmingue â€¢ #netflix https://t.co/XnPJtwn6z3";1;0;1;9;en;1340007327064150016;1506084353343844354;kdgurl_tweets;https://twitter.com/kdgurl_tweets/status/1506084353343844354
Fri Mar 18 13:45:55 +0000 2022;1504816371644846080;"Trending now: #LeeJunHo 9.4 K + tweets for this hard-working #kpop #kdrama singer, actor, dancer, model &amp  beautiful human being! Every season is â¦@dlwnsghekâ© of â¦@follow_2PMâ© 's season! #Hottest care about U â¤ï¸ğŸ¥ğŸ­ğŸ“ºğŸ¦ŠğŸ¶ğŸ‘â¤ï¸ğŸ•ğŸ¥ªğŸ«ğŸ•ºğŸ»#TheActorIsPresent #KoreanActors200 https://t.co/2BeXXNGBJH";0;0;3;12;en;286208037;1504816371644846080;audreyandray;https://twitter.com/audreyandray/status/1504816371644846080
Fri Mar 18 02:04:06 +0000 2022;1504639753915797505;"itâ€™s just a show, it canâ€™t hurt youâ€¦  the show:  ğŸ¥ºğŸ’”  #heispsychometric â€¢ #kdrama  #jinyoung â€¢ #kimkwon   (this drama was amazing and I loved it even if it sometimes broke my heart.) https://t.co/7nZ6tAJe6C";0;0;1;3;en;1340007327064150016;1504639753915797505;kdgurl_tweets;https://twitter.com/kdgurl_tweets/status/1504639753915797505
Wed Mar 16 01:49:40 +0000 2022;1503911343090388996;"I donâ€™t know about everyone else, but Iâ€™m watching this show for them.ğŸ˜ŒğŸ’•  #businessproposal â€¢ #kdrama  #seolinah â€¢ #kimminkyu https://t.co/OILvnNQCuV";0;3;12;74;en;1340007327064150016;1503911343090388996;kdgurl_tweets;https://twitter.com/kdgurl_tweets/status/1503911343090388996
Mon Mar 07 05:06:55 +0000 2022;1500699494689607683;"I cannot get over how well done this show wasâ€¦the writing, the sets, the cinematography, the music, and the acting all came together to create an outstanding drama.ğŸ–¤  everything (especially their bromance) deserves a 10/10! ğŸ‘  #thedeviljudge â€¢ #kdrama  #jisung â€¢ #jinyoung https://t.co/1UysBdrhyz";0;0;2;5;en;1340007327064150016;1500699494689607683;kdgurl_tweets;https://twitter.com/kdgurl_tweets/status/1500699494689607683
Thu Mar 03 10:55:31 +0000 2022;1499337668752248835;"I have two dramas/series that apparently a lot of people liked and I just Don't understand why ğŸ˜­ğŸ˜‚ğŸ˜‚ğŸ˜‚ and there are always some tweets about them on my timeline and tiktok fypğŸ˜‚ #kdrama #Blseries I really don't see what you guys are seeing ğŸ˜­ğŸ˜‚ https://t.co/WWg94LM5EZ";0;0;0;1;en;32156152;1499337668752248835;cooking_dramas;https://twitter.com/cooking_dramas/status/1499337668752248835
Sat Feb 26 03:40:37 +0000 2022;1497416283431735296;"didnâ€™t know I would love this show as much as I didâ€¦I already miss the lovable hospital ghosts and their bromance. ğŸ¤§â¤ï¸  definitely deserves a 10/10! ğŸ‘  #ghostdoctor â€¢ #kdrama  #kimbum â€¢ #rain https://t.co/0jSzW8skCP";0;0;2;4;en;1340007327064150016;1497416283431735296;kdgurl_tweets;https://twitter.com/kdgurl_tweets/status/1497416283431735296
